{
    "id": "arcade-rip",
    "title": "arcade rip",
    "description": "Extra compendia supporting official playtesting in the PF2e system on Foundry VTT",
    "version": "7.2.0",
    "flags": {
        "pf2e-playtest-data": {
            "pf2e-homebrew": {
                "equipmentTraits": {
                    "diacritic": {
                        "label": "Diacritic",
                        "description": "A diacritic is a special type of rune that is not applied directly to a creature or object, but rather to another rune itself, modifying or empowering that base rune. A diacritic can never be applied by itself, and any effect that would remove or invoke the base rune always also removes or invokes the diacritic rune. A rune can have only one diacritic."
                    },
                    "dragon": "PF2E.TraitDragon",
                    "fiend": "PF2E.TraitFiend",
                    "rune": {
                        "label": "Rune",
                        "description": "A runesmith doesn't cast spells, but they can apply various magical effects through runes. Runes can be applied via <strong>etching</strong> or <strong>tracing</strong>. Etched runes are applied in exploration mode and last indefinitely, while traced runes last only until the end of your next turn. Their effects, however, are the same. Several abilities refer to creatures bearing one of your runes, known as rune-bearers—this is any creature who has one of your runes applied to its body or to any gear it is holding."
                    },
                    "runesmith": "Runesmith"
                },
                "featTraits": {
                    "banner": {
                        "label": "Banner",
                        "description": "The banner trait indicates an ability that involves you waving or otherwise actively displaying your banner. To use an ability that has the banner trait, you must be holding your banner in one hand or wielding a weapon it is attached to."
                    },
                    "commander": "Commander",
                    "guardian": "Guardian",
                    "invocation": {
                        "label": "Invocation",
                        "description": "An invocation action allows a runesmith to surge power through a rune by uttering its true name. Invocation requires you to be able to speak clearly in a strong voice and requires that you be within 30 feet of the target rune or runes unless another ability changes this. The target rune then fades away immediately after the action resolves."
                    },
                    "necromancer": "Necromancer",
                    "runesmith": "Runesmith",
                    "tactic": {
                        "label": "Tactic",
                        "description": "Tactics are special abilities that involve you signaling your allies to perform predetermined maneuvers. To use a tactic ability, you must have one or more willing allies you have instructed beforehand during your daily preparations. Your squadmates must also be able to perceive your signal, either when you speak or shout it (in which case the tactic action gains the auditory trait), or by physically signaling them, typically by waving your banner (in which case it gains the visual trait). While you can use multiple tactic actions a round, a character cannot respond to more than one tactic per round, regardless of source."
                    }
                },
                "spellTraits": {
                    "grave": "Grave",
                    "necromancer": "Necromancer",
                    "thrall": {
                        "label": "Thrall",
                        "description": "Thralls are undead creatures, but they are not minions with the summoned trait. They can't take actions, but they can be used for various abilities. Unless noted otherwise, a thrall is Small or Medium (chosen by you when you create it) and must be created in an unoccupied space. A thrall can contribute to flanking as though it were able to make melee unarmed Strikes. A thrall has 1 Hit Point, is automatically hit by attacks, and automatically fails all saving throws. A thrall is immune to bleed, death effects, disease, mental, and poison. A thrall is level −1 if an effect needs to refer to its level. Spells or abilities that create thralls have the thrall trait."
                    }
                }
            }
        }
    },
    "packs": [
        {
            "label": "Classes",
            "name": "battlecry-playtest-classes",
            "path": "packs/battlecry-playtest-classes",
            "system": "pf2e",
            "type": "Item",
            "private": false,
            "flags": {}
        },
        {
            "label": "Feats",
            "name": "battlecry-playtest-class-feats",
            "path": "packs/battlecry-playtest-class-feats",
            "system": "pf2e",
            "type": "Item",
            "private": false,
            "flags": {}
        },
        {
            "label": "Class Features",
            "name": "battlecry-playtest-class-features",
            "path": "packs/battlecry-playtest-class-features",
            "system": "pf2e",
            "type": "Item",
            "private": false,
            "flags": {}
        },
        {
            "label": "Actions",
            "name": "battlecry-playtest-actions",
            "path": "packs/battlecry-playtest-actions",
            "system": "pf2e",
            "type": "Item",
            "private": false,
            "flags": {}
        },
        {
            "label": "Effects",
            "name": "battlecry-playtest-effects",
            "path": "packs/battlecry-playtest-effects",
            "system": "pf2e",
            "type": "Item",
            "private": false,
            "flags": {}
        },
        {
            "label": "Journals",
            "name": "battlecry-playtest-journals",
            "path": "packs/battlecry-playtest-journals",
            "system": "pf2e",
            "type": "JournalEntry",
            "private": false,
            "flags": {}
        },
        {
            "label": "Actions",
            "name": "impossible-playtest-actions",
            "path": "packs/impossible-playtest-actions",
            "system": "pf2e",
            "type": "Item",
            "private": false,
            "flags": {}
        },
        {
            "label": "Classes",
            "name": "impossible-playtest-classes",
            "path": "packs/impossible-playtest-classes",
            "system": "pf2e",
            "type": "Item",
            "private": false,
            "flags": {}
        },
        {
            "label": "Class Features",
            "name": "impossible-playtest-class-features",
            "path": "packs/impossible-playtest-class-features",
            "system": "pf2e",
            "type": "Item",
            "private": false,
            "flags": {}
        },
        {
            "label": "Effects",
            "name": "impossible-playtest-effects",
            "path": "packs/impossible-playtest-effects",
            "system": "pf2e",
            "type": "Item",
            "private": false,
            "flags": {}
        },
        {
            "label": "Feats",
            "name": "impossible-playtest-class-feats",
            "path": "packs/impossible-playtest-class-feats",
            "system": "pf2e",
            "type": "Item",
            "private": false,
            "flags": {}
        },
        {
            "label": "Journals",
            "name": "impossible-playtest-journals",
            "path": "packs/impossible-playtest-journals",
            "system": "pf2e",
            "type": "JournalEntry",
            "private": false,
            "flags": {}
        },
        {
            "label": "Runes",
            "name": "impossible-playtest-runes",
            "path": "packs/impossible-playtest-runes",
            "system": "pf2e",
            "type": "Item",
            "private": false,
            "flags": {}
        },
        {
            "label": "Spells",
            "name": "impossible-playtest-spells",
            "path": "packs/impossible-playtest-spells",
            "system": "pf2e",
            "type": "Item",
            "private": false,
            "flags": {}
        },
        {
            "label": "Thralls",
            "name": "impossible-playtest-thralls",
            "path": "packs/impossible-playtest-thralls",
            "system": "pf2e",
            "type": "Actor",
            "private": false,
            "flags": {}
        }
    ],
    "esmodules": [
        "scripts/popup.mjs"
    ],
    "packFolders": [
        {
            "name": "Impossible Playtest",
            "sorting": "m",
            "packs": [
                "impossible-playtest-actions",
                "impossible-playtest-classes",
                "impossible-playtest-class-features",
                "impossible-playtest-effects",
                "impossible-playtest-class-feats",
                "impossible-playtest-spells",
                "impossible-playtest-runes",
                "impossible-playtest-journals",
                "impossible-playtest-thralls"
            ]
        },
        {
            "name": "Battlecry Playtest",
            "sorting": "m",
            "packs": [
                "battlecry-playtest-classes",
                "battlecry-playtest-class-feats",
                "battlecry-playtest-class-features",
                "battlecry-playtest-actions",
                "battlecry-playtest-effects",
                "battlecry-playtest-journals"
            ]
        }
    ],
    "manifest": "https://raw.githubusercontent.com/cervisceral/pf2e-playtest-cervisceral-rip/refs/heads/main/pf2e%20playtest%20data%20arcade%20rip.json",
    "download": "https://raw.githubusercontent.com/cervisceral/pf2e-playtest-cervisceral-rip/refs/heads/main/pf2e%20playtest%20data%20arcade%20rip.json",
    "url": "https://github.com/cervisceral/pf2e-playtest-cervisceral-rip/",
    "authors": [
        {
            "name": "Tim Munsie [.TMun]",
            "flags": {}
        },
        {
            "name": "Ian Blackstone [tikael]"
        }
    ],
    "relationships": {
        "systems": [
            {
                "id": "pf2e",
                "type": "system",
                "compatibility": {
                    "minimum": "7.2.0",
                    "verified": "7.2.0"
                }
            }
        ]
    },
    "compatibility": {
        "minimum": "13.345",
        "verified": "13.345"
    }
}
